Label,Text Tweet
1,"['aktivis', 'perempuan', 'devi', 'asmarani', 'permendikbud', 'ppks', 'butuh', 'lingkung', 'guru', 'lantar']"
0,"['al', 'baqarah', 'jual', 'ayat', 'ayat', 'ku', 'harga', 'murah', 'kelompok', 'jg', 'tolak', 'permendikbudristek', 'ppks', 'in']"
1,"['alhasil', 'kalang', 'dukung', 'permen', 'ppks', 'anggap', 'permen', 'terobos', 'perspektif']"
1,"['alih', 'alih', 'perkara', 'frasa', 'tuju', 'korban', 'sejati', 'permendikbud', 'ppks', 'alarm', 'tindak']"
0,"['permendikbudristek', 'permen', 'ppks', 'guru', 'menumbuhsuburkan', 'gaul', 'bebas']"
1,"['atur', 'teken', 'nadiem', 'makarim', 'cegah', 'tangan', 'keras', 'seksual', 'kampus', 'nilai', 'did']"
1,"['kesah', 'atur', 'menteri', 'permen', 'nomor', 'cegah']"
1,"['keras', 'seksual', 'larang', 'nkemendikbud', 'ristek', 'resmi', 'kesah', 'permendikbud', 'nomor', 'tentan']"
1,"['bnyk', 'ngalamin', 'tpi', 'gamau', 'speak', 'up', 'krn', 'ngerasa', 'gada', 'payung', 'bayangin', 'bati']"
1,"['keras', 'seksual', 'atur', 'permendikbud', 'nomor', 'ppks', 'lingkung', 'kampus']"
1,"['besok', 'aksi', 'hak', 'dukung', 'permendikbud', 'ristek', 'ppks', 'aman', 'ruu', 'tpks', 'sahkan', 'ruu', 'pp', 'haktp']"
1,"['buntut', 'permendikbud', 'ppks', 'nadiem', 'makarim', 'somasi', 'ormas', 'pemuda']"
1,"['cak', 'imin', 'dukung', 'permendikbud', 'ppks', 'keras', 'seksual', 'resah']"
1,"['cberarti', 'korban', 'tuju', 'gambar', 'sederhana']"
0,"['nampak', 'permen', 'ppks', 'sisa', 'pr', 'tangan', 'seks', 'bebas', 'lingkung', 'pergur']"
0,"['demonstrasi', 'mahasiswa', 'medan', 'kait', 'permendikbud', 'ppks', 'sorot', 'pasal', 'unjuk', 'mahasiswa']"
1,"['sepakat', 'kampus', 'didik', 'leceh', 'ngue', 'cerita', 'permen']"
0,"['gagas', 'liberal', 'seksual', 'consent', 'ruh', 'rumus', 'makna', 'keras', 'seksual', 'permen', 'ppks']"
1,"['gila', 'berani', 'terang', 'an', 'gin', 'ngubsu', 'edi', 'walkot', 'bobby', 'berani', 'naparat', 'tindak', 'nmasih']"
1,"['hadir', 'permendikbud', 'ristek', 'ppks', 'langkah', 'progresif']"
0,"['npantaskah', 'diam', 'medan', 'demo', 'dukung', 'khilafah', 'tuding', 'perm']"
0,"['headline', 'nasional', 'kammi', 'tolak', 'ruu', 'tpks', 'cabut', 'permendikbudristek', 'ppks', 'kam']"
0,"['hti', 'bubar', 'underbow', 'biar']"
1,"['islam', 'sanksi', 'jera', 'langgar', 'atur', 'atur']"
1,"['gin', 'gaes', 'rumus', 'sederhana', 'npertahankan', 'permendikbud', 'ppks', 'sahkan', 'ruu', 'pks', 'bubar', 'pks']"
0,"['zina', 'rebak', 'masyarakat', 'masyarakat', 'azab', 'timpa', 'wajib', 'tolak']"
0,"['zina', 'rebak', 'masyarakat', 'masyarakat', 'azab', 'timpa', 'wajib', 'tolak', 'perm']"
0,"['kaffah', 'tilik', 'isi', 'permen', 'ppks', 'ajar', 'islam', 'bahaya', 'umat', 'permen']"
0,"['kontra', 'arti', 'tuju']"
0,"['kammi', 'daerah', 'gelar', 'aksi', 'tolak', 'permendikbud', 'ppks']"
1,"['keras', 'paksa', 'tuju', 'korban', 'tuju', 'hapus']"
1,"['menteri', 'agama', 'dukung', 'bijak', 'kemendikbud', 'ristek', 'kait', 'cegah', 'tangan', 'keras', 'seksual', 'ppks', 'ling']"
1,"['kepala', 'ppks', 'edwin', 'syahputra', 'lubis', 'kepala', 'teliti', 'ppks', 'agus', 'susanto', 'teliti']"
0,"['komentarpolitik', 'nkontra', 'ppks', 'kaji', 'noleh', 'ria', 'nurvika', 'ginting', 'sh', 'mh', 'nselengkapnya']"
1,"['kongres', 'pemuda', 'indonesia', 'kpi', 'layang', 'somasi', 'kemendikbud', 'ristek', 'ri', 'kait', 'permendikbud', 'nomor', 'te']"
1,"['kritik', 'kait', 'permendikbudristek', 'nomor', 'cegah', 'tangan', 'keras']"
1,"['stelah', 'liat', 'podcast', 'om', 'dedy', 'ad', 'nadiem', 'cinta', 'laura', 'jg', 'poin', 'acu', 'maksud']"
0,"['lihat', 'generasi', 'muda', 'ngegara', 'policy', 'sby', 'noenemypolicy', 'radikalisme', 'biar', 'tumbuh', 'subur', 'mahasiswa']"
0,"['liput', 'tulis', 'keras', 'seksual', 'lingkung', 'kampus', 'guru', 'bes']"
0,"['mahasiswa', 'medan', 'demo', 'dukung', 'khilafah', 'tuding', 'permendikbud', 'ppks', 'thogut']"
1,"['mendikbud', 'ristek', 'lingkup', 'atur', 'mendikbud', 'ristek', 'permendikbud', 'ristek', 'nomor']"
1,"['mendikbudristek', 'nadiem', 'makarim', 'permen', 'ppks', 'chanya', 'atur', 'kait', 'keras', 'seksual']"
1,"['dukung', 'permendikbud', 'ristek', 'ppks', 'lingkung', 'guru', 'permen', 'langkah', 'melaw']"
1,"['menteri', 'didik', 'budaya', 'riset', 'teknologi', 'mendikbudristek', 'nadiem', 'makarim', 'sambang', 'pbnu', 'klarifika']"
0,"['mendikbud', 'ristek', 'nadiem', 'makarim', 'nsejumlah', 'arti', 'isi', 'atur', 'kait', 'cegah', 'pen']"
1,"['muslimahnews', 'hadir', 'permen', 'ppks', 'selesai', 'efektif', 'solutif', 'problem', 'keras']"
0,"['muslimahnews', 'biar', 'aktivitas', 'seksual', 'tuju', 'paksa', 'alias', 'zina']"
0,"['muslimahnews', 'saksi', 'live', 'discussion', 'muslimahnewscom', 'tema', 'permendikbud', 'ppks', 'alat', 'kokoh', 'paradigma']"
1,"['muslimahnews', 'sistem', 'islam', 'tutup', 'celah', 'aktivitas', 'umbar', 'aurat', 'sensualitas']"
0,"['nadiem', 'arti', 'permendikbud', 'ristek', 'mendikbud', 'ristek', 'arti', 'is']"
1,"['nadiem', 'makarim', 'turun', 'akreditasi', 'kampus', 'permendikbud', 'ristek', 'nomor']"
1,"['nadiem', 'makarim', 'lingkup', 'permendikbud', 'ristek', 'nomor', 'atur', 'keras', 'seksual']"
1,"['nadiem', 'makarim', 'sambang', 'pbnu', 'klarifikasi', 'permendikbudristek', 'nbaca']"
1,"['nadiem', 'lingkup', 'permendikbud', 'ristek', 'nomor', 'kait', 'keras', 'seksual', 'atur']"
1,"['nadiem', 'tekan', 'topik', 'permendikbud', 'ristek', 'cegah', 'keras', 'seksual', 'lingkung', 'kampus']"
0,"['nahdlatul', 'ulama', 'sorot', 'polemik', 'frasa', 'tuju', 'korban', 'permendikbud', 'anti', 'keras', 'seksual']"
0,"['kontra', 'lincolin', 'arsyad', 'diktilitbang', 'pimpin', 'pusat', 'muhammadiyah', 'permen']"
0,"['nbanyak', 'arti', 'permendikbud', 'ristek', 'nnadiem', 'tekan', 'topik', 'permen']"
1,"['negara', 'rakyat', 'tuhan', 'undang', 'undang', 'ng']"
1,"['nhalo', 'ikm', 'fh', 'ui', 'nraisha', 'manggut', 'manggut', 'sok', 'paham']"
0,"['nmaraknya', 'keras', 'seksual', 'lingkup', 'didik']"
1,"['nsejak', 'kemdikbudristek', 'kesah', 'permen', 'ppks', 'debat']"
1,"['nstatuta', 'ui', 'permendikbud', 'ristek', 'ppks', 'eksplorasi', 'calon', 'mwa', 'ui', 'um', 'nselengkapnya', 'sumates']"
1,"['opini', 'npermen', 'ppks', 'kampus', 'cbebas', 'merdeka', 'nperaturan', 'menteri', 'didik', 'budaya', 'riset', 'teknologi']"
1,"['umur', 'adab', 'manusia', 'solusi', 'dasar', 'hukum', 'cipta', 'manusia', 'ujung', 'bar']"
0,"['kaum', 'liberal', 'anti', 'komunis', 'heran', 'kaum', 'konservatif', 'pemlintiran', 'permendikbudriste']"
1,"['pbnu', 'sorot', 'suka', 'suka', 'permendikbud', 'ppks', 'nadiem', 'tampung']"
0,"['bahas', 'miskonsepsi', 'permendikbudristek', 'ppks', 'edar', 'luas', 'masyarakat', 'kemas', 'cerita', 'pendek']"
1,"['tangan', 'keras', 'seksual', 'kampus', 'desak', 'terap', 'lingkung', 'guru']"
1,"['permen', 'ppks', 'lingkung', 'gereja', 'gak', 'masak', 'kampus']"
1,"['permen', 'ppks', 'terap', 'lingkung', 'lembaga', 'negara', 'korban', 'lindung', 'ternyat']"
1,"['permen', 'ppks', 'mahasiswa', 'sivitas', 'akademika', 'kampus', 'keras', 'seksual']"
1,"['permen', 'ppks', 'bawa', 'media', 'ribut', 'ribut', 'elit', 'kayak', 'lupa', 'wawancara', 'kelompok']"
1,"['permendikbud', 'maksud', 'liberal', 'pancasilais', 'relijius', 'jd', 'or']"
0,"['permendikbud', 'solusi', 'keras', 'seksual', 'nbaru', 'permendikbud', 'cegah']"
0,"['permendikbud', 'ppks', 'rilis', 'nseks', 'bebas', 'gila', 'nlaporan', 'keras', 'seksual', 'npredator', 'kampus']"
0,"['permendikbud', 'ppks', 'tuai', 'kecam', 'anggap', 'legal', 'zina', 'nadiem', 'terbit']"
0,"['permendikbud', 'ristek', 'ppks', 'advokat', 'harap', 'ancam']"
1,"['permendikbud', 'ristek', 'ppks', 'langkah', 'cipta', 'aman', 'lingkung', 'kampus', 'nyiptain']"
0,"['permendikbud', 'thogut', 'ntegakkan', 'khilafah', 'orator', 'aksi', 'nwoii', 'nenek', 'luh', 'pe', 'ang', 'xbc']"
0,"['permendikbudristek', 'legal', 'seks', 'bebas', 'ndengan', 'alas', 'cegah', 'keras', 'seksual']"
1,"['permendikbudristek', 'ppks', 'acu', 'payung', 'hukum']"
1,"['permendikbudristek', 'ppks', 'seleweng', 'konstitusi', 'gt', 'ncovid', 'november', 'nada']"
1,"['permendikbudristek', 'ppks', 'cegah', 'keras', 'seksual', 'nkh', 'husein', 'muhammad', 'permendikbudristek', 'ppks', 'nbel']"
1,"['ppks', 'tetes', 'air', 'gurun', 'keras', 'seksual', 'sembunyi', 'kampus']"
0,"['ratus', 'mahasiswa', 'gelar', 'aksi', 'demo', 'kemendikbud', 'tuntut', 'cabut', 'permendikbud', 'cegah']"
0,"['ruu', 'ppks', 'abai', 'permendikbud', 'kritik', 'habis', 'habis', 'segitu', 'gamaunya', 'ngelindungin', 'hak', 'hak', 'perempuan', 'as', 'if', 'these']"
0,"['ruu', 'pks', 'aju', 'poin', 'arah', 'kpd', 'sexual', 'consent', 'kritik', 'tokoh', 'masyarakat', 'sbg']"
0,"['nuduh', 'legalisasi', 'perzinahan', 'free', 'sex', 'tuding', 'jahat', 'jahat', 'kelamin', 'krn', 'tolak', 'permend']"
1,"['permendikbud', 'ppks', 'kampus', 'delik', 'adu', 'spesifik', 'keke']"
0,"['mahasiswa', 'gelar', 'demonstrasi', 'medan', 'permendikbudr', 'ppks', 'lingkung', 'guru', 'cabut']"
0,"['jahat', 'kelamin', 'tolak', 'permendikbudristek', 'ppks', 'dukung', 'khilafah', 'ngema', 'bebas', 'sayap', 'hizbut', 'tahri']"
1,"['tuai', 'pro', 'kontra', 'permendikbud', 'ppks', 'resmi', 'laku', 'gengs', 'nmakin', 'korb']"
0,"['talib', 'medan', 'nmahasiswa', 'demo', 'kantor', 'dprd', 'sumut', 'medan', 'dukung', 'khilafah', 'tuding', 'permendikbud', 'ppks', 'thogut', 'bawa']"
1,"['terbit', 'permendikbud', 'thn', 'cegah', 'amp', 'tangan', 'keras', 'seksual', 'ppks', 'pandang']"
1,"['tim', 'satgas', 'cegah', 'ppks', 'isi', 'mahasiswa']"
1,"['yes', 'permendikbud', 'ristek', 'ppks', 'panen', 'dukung', 'kalang', 'arusbaik', 'kekerasanseksual', 'perintah']"
0,"['aksi', 'tolak', 'permen', 'ppks', 'cegah', 'zina', 'syariah', 'serba', 'serbi', 'mmc']"
0,"['aksi', 'tolak', 'permen', 'ppks', 'cegah', 'zina', 'syariah', 'serba', 'serbi', 'mmc', 'aksi', 'kem']"
0,"['aksi', 'tolak', 'permen', 'ppks', 'cegah', 'zina', 'syariah', 'serba', 'serbi', 'mmc', 'lupa', 'shar']"
0,"['aksi', 'tolak', 'permen', 'ppks', 'cegah', 'zina', 'syariah', 'serba', 'serbi', 'mmc', 'napa', 'aksi', 'kema']"
0,"['aksi', 'tolak', 'permen', 'ppks', 'cegah', 'zina', 'syariah', 'serba', 'serbi', 'mmc', 'nsebagai', 'reaksi', 'sah', 'pe']"
0,"['aksi', 'tolak', 'permen', 'ppks', 'cegah', 'zina', 'syariah', 'serba', 'serbi', 'mmc', 'nsebagai', 'reaksi', 'sah']"
0,"['aksi', 'tolak', 'permen', 'ppks', 'cegah', 'zina', 'syariah', 'serba', 'serbi', 'mmc', 'nsimak', 'lengkap', 'video']"
0,"['aksi', 'tolak', 'permen', 'ppks', 'cegah', 'perzinahan', 'syariah']"
0,"['dolok', 'mom', 'tuk', 'sik', 'serious', 'talk', 'kv', 'ppks', 'dolok', 'arumbulak', 'student', 'pande', 'pol']"
0,"['al', 'baqarah', 'jual', 'ayat', 'ayat', 'ku', 'harga', 'murah', 'kelompok', 'jg', 'tolak', 'permendikbudrist']"
1,"['alhamdulillah', 'permendikbud', 'ppks', 'korban', 'aman', 'suara', 'moga', 'korban', 'adil', 'laku']"
1,"['alhasil', 'kalang', 'dukung', 'permen', 'ppks', 'anggap', 'permen', 'terobos', 'berperspekt']"
1,"['aneh', 'dg', 'khilafah', 'perangkat', 'atur', 'komprehensif', 'jaga', 'mulia']"
0,"['permendikbud', 'ppks', 'cabut', 'aplg', 'politis', 'serang', 'presiden', 'jg', 'sasar', 'kursi', 'kemendikbud']"
0,"['pelintir', 'permendikbud', 'ppks', 'negara', 'gaduh']"
1,"['artikel', 'tujuh', 'lapor', 'rilis', 'majalah', 'tempo', 'enam', 'artikel', 'disajika']"
1,"['artikel', 'kolom', 'merespon', 'kesah', 'ruu', 'tpks', 'poin', 'permendikbudris']"
0,"['audiensi', 'ddii', 'jabar', 'yod', 'mintaraga', 'permendikbud', 'ppks', 'revisi']"
1,"['ayo', 'dukung', 'implementasi', 'permendikbudristek', 'ppks', 'wujud', 'penuh', 'hak', 'adil', 'oran']"
0,"['ayo', 'medan', 'terima', 'anak', 'didik', 'rasuk', 'mahasiswa', 'gelar', 'de']"
0,"['bacain', 'tweet', 'nolak', 'permen', 'ppks', 'marah', 'astaga', 'npunya', 'hobi', 'ngelindungin', 'jahat', 'kelamin']"
0,"['bacain', 'tweet', 'nolak', 'permen', 'ppks', 'marah', 'astaga', 'hobi', 'ngelindungin', 'jahat', 'kelamin']"
1,"['bagus', 'permendikbud', 'ppks', 'speak', 'up', 'nngga', 'junjung', 'tahan', 'kar']"
1,"['guru', 'atur', 'turun', 'kuat', 'permendikbudristek', 'nomor']"
1,"['bem', 'fh', 'unmul', 'desak', 'rektor', 'kait', 'implementasi', 'permendikbud', 'ppks', 'perhati', 'nsimak']"
1,"['bem', 'ugm', 'dukung', 'implementasi', 'permendikbud', 'ristek', 'nomor', 'ppks']"
1,"['bnyk', 'ngalamin', 'tpi', 'gamau', 'speak', 'up', 'krn', 'ngerasa', 'gada', 'payung', 'bayangin']"
1,"['bgtt', 'fokus', 'aspek', 'pks', 'kait', 'cons']"
0,"['coret', 'tuju', 'perempuan', 'korban', 'frasa', 'dlm', 'uu', 'dlm']"
1,"['masukin', 'seks', 'kawin', 'permen', 'ppks', 'out', 'context', 'atur', 'ulang', 'soa']"
1,"['cmiiw', 'permendikbud', 'ppks', 'isi', 'leceh', 'paksa', 'korban']"
0,"['ruu', 'pks', 'kup', 'ppks', 'keras', 'seksual', 'henti', 'fix', 'gak', 'us']"
0,"['nampak', 'permen', 'ppks', 'sisa', 'pr', 'tangan', 'seks', 'bebas', 'lingkung']"
0,"['dprd', 'dewan', 'da', 'jabar', 'permendikbudristek', 'ppks', 'cabut']"
1,"['delegasi', 'uni', 'eropa', 'sambut', 'kesah', 'permendikbud', 'ppks']"
1,"['delegasi', 'uni', 'eropa', 'sambut', 'kesah', 'permendikbudristek', 'ppks']"
0,"['demonstrasi', 'mahasiswa', 'medan', 'kait', 'permendikbud', 'ppks', 'sorot', 'pasal', 'unjuk', 'mahasiswa']"
1,"['alas', 'cegah', 'keras', 'seksual', 'lingkung', 'kampus', 'mendikbud', 'nadiem', 'makarim', 'permendikbud']"
1,"['hadir', 'payung', 'hukum', 'permendikbud', 'ppks', 'harap', 'jalur', 'konsisten', 'cipta', 'rua']"
0,"['duga', 'gesa', 'krn', 'presure', 'kafir', 'lolos', 'ppks', 'jg', 'agenda', 'mrk', 'wallohualam']"
0,"['nilai', 'syariat', 'islam', 'pancasila', 'kammi', 'malu', 'tolak', 'permendikbudristek', 'ppks']"
1,"['terap', 'pemendikbud', 'ppks', 'korban', 'kuat', 'jd', 'korban', 'mudah', 'rek', 'sisi', 'traumatis']"
0,"['dprd', 'jabar', 'permendikbud', 'ppks', 'cabut', 'tolak', 'ruu', 'tpks', 'beritalokal']"
0,"['dprd', 'jabar', 'permendikbud', 'ppks', 'cabut', 'tolak', 'ruu', 'tpks']"
0,"['dprk', 'banda', 'aceh', 'dprk', 'banda', 'aceh', 'permen', 'ppks', 'kaji', 'ulang']"
0,"['figur', 'figur', 'kutip', 'media', 'massa', 'daring', 'top', 'influencer', 'dominasi', 'tolak', 'permendikbudristek', 'pp']"
0,"['fokus', 'belah', 'suara', 'mahasiswa', 'muslim', 'sikap', 'permen', 'ppks', 'mahasiswa', 'saa']"
0,"['fokus', 'sungguh', 'sayang', 'suara', 'mahasiswa', 'belah', 'sikap', 'hadir', 'permen', 'ppks', 'beda', 'suara', 'mahas']"
0,"['fokus', 'sungguh', 'sayang', 'suara', 'mahasiswa', 'belah', 'sikap', 'hadir', 'permen', 'ppks', 'beda', 'sua']"
0,"['fokus', 'sungguh', 'sayang', 'suara', 'mahasiswa', 'belah', 'dlm', 'sikap', 'hadir', 'permen', 'ppks', 'beda', 'suara']"
0,"['fokus', 'muslimahnewscom', 'sungguh', 'sayang', 'suara', 'mahasiswa', 'belah', 'sikap', 'hadir', 'permen', 'ppks']"
1,"['gagal', 'paham', 'nadiem', 'lingkup', 'permendikbud', 'ppks', 'tindak', 'asusila', 'kampus']"
1,"['gengs', 'podcast', 'tayang', 'ntoday', 'we', 're', 'talking', 'about', 'permendikbud', 'ppks', 'resmi', 'laku', 'talib', 'larang']"
1,"['gila', 'berani', 'terang', 'an', 'gin', 'ngubsu', 'edi', 'walkot', 'bobby', 'berani', 'naparat', 'tindak', 'nma']"
0,"['npendapat', 'ormas', 'larang', 'negara', 'berani', 'unjuk', 'gigi', 'pub']"
1,"['good', 'byk', 'berani', 'speak', 'out', 'permendikbud', 'ppks']"
0,"['gubernur', 'sumut', 'biar']"
1,"['hadir', 'permendikbud', 'ppks', 'desak', 'kampus', 'satgas', 'unmul', 'nsimak']"
0,"['npantaskah', 'diam', 'medan', 'demo', 'dukung', 'khilafah', 'tuding']"
1,"['simpel', 'ruwet']"
1,"['hallo', 'geografella', 'nbem', 'fakultas', 'geografi', 'sikap', 'dukung', 'desak', 'implementasi', 'permendikbud', 'ristek']"
0,"['hallo', 'menko', 'nyg', 'berita', 'sepele', 'napa', 'biar']"
0,"['headline', 'nasional', 'kammi', 'tolak', 'ruu', 'tpks', 'cabut', 'permendikbudristek', 'ppks']"
0,"['hti', 'berani', 'demo', 'ngatain', 'perintah', 'thogut', 'kampanye', 'khilafah']"
0,"['hti', 'berani', 'aje', 'demo', 'ngatain', 'perintah', 'thogut', 'kampanye', 'khilaf']"
0,"['hti', 'berani', 'aje', 'demo', 'ngatain', 'perintah', 'thogut', 'kampanye', 'khilafah']"
0,"['ikm', 'ui', 'aksi', 'harap', 'isi', 'taut', 'turu']"
0,"['implikasi', 'permendikbud', 'ppks', 'adlh', 'legal', 'zina', 'kumpul', 'free', 'sex', 'ormas', 'islam', 'muhammadiya']"
0,"['brtnya', 'tnpa', 'baca', 'ppks', 'nmisal', 'hubung', 'dosen', 'mahasiswa', 'cnilai', 'km', 'jelek']"
0,"['inti', 'permendikbud', 'ppks', 'tau', 'consent', 'terma']"
0,"['tuntut', 'mahasiswa', 'kammi', 'permendikbud', 'ppks', 'gagalkanruutpks', 'tolakliberalisasi', 'permengakmanis']"
1,"['international', 'magazine', 'ppks', 'tetes', 'air', 'gurun', 'keras', 'seksua']"
1,"['islam', 'sanksi', 'jera', 'langgar', 'atur', 'atur', 'dal']"
0,"['nentang', 'permendikbud', 'ppks', 'bawa', 'bawa', 'religion', 'value', 'mah', 'sagapung', 'ae']"
0,"['zina', 'rebak', 'masyarakat', 'masyarakat', 'azab', 'timpa', 'wajib', 'me']"
1,"['jokowi', 'pro', 'didik', 'npolemik', 'permendikbud', 'ppks', 'mendikbud', 'nadiem', 'makarim', 'lingkup', 'keras', 'seksual', 'buk']"
1,"['judul', 'permen', 'ppks', 'ngurusnya', 'consent', 'indonesia', 'norma', 'hukum', 'jug']"
1,"['lapor', 'gegara', 'ppks', 'biar', 'turun', 'lapor', 'hold', 'ppks']"
0,"['kampus', 'kutik', 'jerat', 'permendikbud', 'ristek', 'ppks']"
0,"['kampus', 'kutik', 'jerat', 'permendikbud', 'ristek', 'ppks', 'noleh', 'denok', 'ika', 'anggraeni']"
1,"['nadiem', 'makarim', 'terbit', 'permendikbud', 'cegah']"
1,"['keras', 'seksual', 'universitas', 'dunia', 'ranah', 'keluarga', 'potensi']"
0,"['bijak', 'resah', 'sah', 'permendikbud']"
0,"['keras', 'rundung', 'seksual', 'kampus', 'kampus', 'fenomena', 'gunung', 'es', 'deteksi']"
0,"['keluarin', 'tuh', 'mahasiswa', 'nsebagian', 'nolak', 'permendikbud', 'ppks', 'dukung', 'khilafah', 'nhti', 'fpi', 'pks']"
0,"['kembang', 'gula', 'racun', 'ala', 'permendikbud', 'ristek', 'ppks', 'noleh', 'rian', 'kurniawati']"
1,"['kemendikbudristek', 'susun', 'permendikbudristek', 'ppks']"
1,"['kemendikbudristek', 'buka', 'peluang', 'sempurna', 'permen', 'ppks']"
1,"['kemendikbudristek', 'perintah', 'pimpin', 'kampus', 'atur', 'turun', 'permen', 'ppks', 'jakarta', 'edunews']"
1,"['menteri', 'didik', 'budaya', 'riset', 'teknologi', 'resmi', 'atur', 'permendikbudristek']"
1,"['kepala', 'ppks', 'edwin', 'syahputra', 'lubis', 'kepala', 'teliti', 'ppks', 'agus', 'susanto']"
0,"['kiayi', 'said', 'aqil', 'selesai', 'konterversi', 'ppks', 'permendikbud', 'den', 'rapi', 'menteri', 'nadiem', 'kiaisaid', 'buyasaid']"
1,"['tanggap', 'aktivis', 'rebut', 'tanggap', 'atur', 'yuk', 'cari', 'lengkap']"
1,"['butuh', 'partisipasi', 'dukung', 'permendikbud', 'ppks', 'diskusi', 'adu', 'argumen', 'lawan', 'pks']"
0,"['kiyai', 'said', 'aqi', 'selesai', 'kontroversi', 'ppks', 'permendikbud', 'kiaisaid', 'buyasaid', 'saidaqil', 'ketumpbnu', 'muktamarnu']"
0,"['kiyai', 'said', 'aqul', 'selesai', 'kontroversi', 'ppks', 'perkemendikbud', 'rapi', 'menteri', 'nadiem', 'kiaisaid', 'buyasaid']"
0,"['kiyai', 'saiq', 'aqil', 'selesai', 'kontroversi', 'ppks', 'permendikbud', 'rapi']"
0,"['gak', 'mahasiswa', 'darimana', 'gak', 'niat', 'ngirim', 'densus', 'ngobrol', 'adek']"
0,"['komisi', 'permendikbud', 'ppks', 'cabut', 'tolak', 'ruu', 'tpks']"
0,"['kontroversi', 'permendikbud', 'ristek', 'ppks', 'seks', 'bebas', 'legal', 'noleh', 'mes', 'tri', 'jayanti']"
0,"['keras', 'perempuan', 'hapus', 'bebas', 'keker']"
1,"['dampak', 'hadir', 'permen', 'ppks', 'mahasiswa', 'harap', 'atur', 'simak', 'opini']"
1,"['stelah', 'liat', 'podcast', 'om', 'dedy', 'ad', 'nadiem', 'cinta', 'laura', 'jg', 'poin', 'acu']"
0,"['lincolin', 'figur', 'kutip', 'media', 'nyata', 'sikap', 'muhammadiyah', 'anggap', 'perme']"
1,"['lololo', 'laku', 'dik', 'ppks', 'adal']"
0,"['keras', 'seksual', 'lingkung', 'kampus', 'lingkung', 'sosial', 'selesai', 'uu', 'ppks']"
1,"['mantap', 'kampus', 'satgas', 'ppks', 'coy']"
0,"['paham', 'ambiguitas', 'kontroversi', 'permendikbud', 'ppks', 'linguistik']"
0,"['bahas', 'kontroversi', 'pemendikbud', 'ppks', 'neraca', 'dagang', 'negara']"
0,"['bingung', 'nknp', 'mrk', 'protes', 'permendikbud', 'isi', 'msh', 'nada', 'kuhp', 'ncoba', 'banding']"
1,"['menag', 'menteri', 'agama', 'dukung', 'bijak', 'menteri', 'didik', 'budaya', 'riset']"
1,"['mendikbud', 'ristek', 'nadiem', 'makarim', 'lingkup', 'permendikbud', 'ristek', 'nomor', 'atur', 'so']"
1,"['mendikbudristek', 'nadiem', 'makarim', 'atur', 'menteri', 'didik', 'kebudayan', 'riset', 'teknologi', 'dik']"
1,"['dukung', 'permendikbud', 'ristek', 'ppks', 'lingkung', 'guru', 'permen', 'langkah', 'awa']"
1,"['dukung', 'permendikbud', 'ristek', 'ppks', 'lingkung', 'guru', 'permen', 'langkah']"
1,"['lingkup', 'permendikbud', 'ristek', 'nomor', 'atur', 'keras', 'seks']"
0,"['tilik', 'isi', 'permen', 'ppks', 'ajar', 'islam', 'bahaya', 'umat', 'permen']"
0,"['tilik', 'isi', 'permen', 'ppks', 'ajar', 'islam', 'danmembahayakan', 'umat', 'permen', 'ter']"
0,"['tilik', 'isi', 'permen', 'ppks', 'dg', 'ajar', 'islam', 'bahaya', 'umat', 'permen', 'jk', 'terap']"
1,"['menteri', 'didik', 'budaya', 'riset', 'teknologi', 'mendikbudristek', 'nadiem', 'makarim', 'sambang', 'pbnu']"
1,"['permendikbud', 'ppks', 'bener', 'dampak', 'karna', 'korban']"
1,"['yaah', 'lapor', 'keras', 'seksual', 'tuh', 'yaa', 'korban', 'lindu']"
1,"['damping', 'dengar', 'nterbitnya', 'permen', 'ppks', 'cegah', 'tangan', 'keras', 'seksual', 'diha']"
0,"['perintah', 'usaha', 'kesah', 'uu', 'ppks', 'keras', 'seksual', 'raja', 'lela']"
1,"['moga', 'moga', 'satgas', 'ppks', 'beneran', 'amp', 'fungsi', 'monitoring', 'amp', 'edukasi', 'ngga', 'cuman', 'keren', 'keren']"
0,"['mohon', 'mahasiswa', 'demo', 'data', 'latar', 'nbenih', 'jk', 'biar']"
0,"['takut', 'muhammadiyah', 'mui', 'pks', 'tolak', 'permendikbud', 'ppks', 'kemaren', 'bahaya']"
0,"['kesana', 'kemari', 'frasa', 'tuju', 'buka', 'baca', 'pandang', 'pr']"
0,"['nadiem', 'dengar', 'ormas', 'agama', 'kampus', 'mahasiswa', 'dosen']"
0,"['nadiem', 'sowan', 'bahas', 'permendikbud', 'ppks']"
0,"['nadiem', 'arti', 'permendikbud', 'ristek', 'mendikbud', 'ristek', 'men']"
0,"['nadiem', 'arti', 'permendikbud', 'ristek', 'nsejumlah', 'arti', 'isi']"
0,"['nadiem', 'janji', 'timbang', 'pbnu']"
0,"['nadiem', 'makarim', 'jasa', 'gojek', 'goma', 'gosend']"
0,"['nadiem', 'makarim', 'temu', 'said', 'aqil', 'bahas', 'polemik', 'permendikbud', 'ppks', 'said', 'aqil']"
1,"['nadiem', 'makarim', 'lingkup', 'permendikbud', 'ristek', 'nomor', 'atur', 'keras', 'seks']"
0,"['nadiem', 'makarim', 'sambang', 'pbnu', 'klarifikasi', 'permendikbudristek']"
0,"['nadiem', 'makarim', 'pbnu', 'revisi', 'permendikbud', 'ppks', 'nadiemmakarim', 'permedikbudnomor']"
1,"['nadiem', 'tekan', 'topik', 'permendikbud', 'ristek', 'cegah', 'keras', 'seksual', 'lingkung']"
0,"['nahdlatul', 'ulama', 'sorot', 'polemik', 'frasa', 'tuju', 'korban', 'permendikbud', 'anti', 'keras', 'seksual']"
0,"['kontra', 'lincolin', 'arsyad', 'diktilitbang', 'pimpin', 'pusat', 'muhammadiyah', 'perme']"
0,"['nbanyak', 'arti', 'permendikbud', 'ristek', 'nnadiem', 'tekan', 'topik']"
0,"['ngabers', 'berontak', 'kontra', 'permendikbudristek', 'ppks', 'koar', 'koar', 'mending', 'jd', 'bicara', 'dispub']"
0,"['nsejak', 'kemdikbudristek', 'kesah', 'permen', 'ppks', 'debat', 'pih']"
1,"['nstatuta', 'ui', 'permendikbud', 'ristek', 'ppks', 'eksplorasi', 'calon', 'mwa', 'ui', 'um', 'nselengkapnya', 'dap']"
1,"['opini', 'npermen', 'ppks', 'kampus', 'cbebas', 'merdeka', 'nperaturan', 'menteri', 'didik', 'budaya', 'riset', 'teknol']"
1,"['opini', 'uu', 'ppks', 'menteri']"
1,"['dapet', 'kabar', 'unsika', 'pansel', 'ppks']"
1,"['paham', 'seksama', 'permendikbudristek', 'ppks', 'tindak', 'nuansa', 'kek']"
0,"['pbnu', 'dukung', 'implementasi', 'permendikbudristek', 'ppks', 'revisi']"
0,"['pbnu', 'dukung', 'penuh', 'permendikbudristek', 'ppks']"
0,"['bahas', 'miskonsepsi', 'permendikbudristek', 'ppks', 'edar', 'luas', 'masyarakat', 'kemas', 'cerita']"
0,"['perhati', 'permendikbudristek', 'ppks', 'manfaat']"
1,"['atur', 'progresif', 'maju', 'lindung', 'perempuan', 'keras', 'bas', 'gender']"
1,"['percaya', 'akademisi', 'ga', 'tuju', 'permendikbud', 'ppks', 'mental', 'laku']"
1,"['permen', 'ppks', 'terap', 'lingkung', 'lembaga', 'negara', 'korban', 'lindung']"
0,"['permen', 'ppks', 'solusi', 'keras', 'seksual']"
1,"['permen', 'ppks', 'klu', 'bener', 'aplikasi', 'berantas', 'predator', 'seksual', 'dunia', 'didik']"
1,"['permendikbud', 'risi', 'atur', 'cegah', 'tangan', 'keras', 'seksual', 'ppks']"
0,"['permendikbud', 'solusi', 'keras', 'seksual', 'nbaru', 'permendikbud', 'penc']"
0,"['permendikbud', 'ppks', 'bukti', 'rezim', 'sekuler', 'liberal']"
1,"['permendikbud', 'ppks', 'terap', 'rs', 'ks', 'konsulen', 'koas', 'ppds']"
0,"['permendikbud', 'ppks', 'rilis', 'lapor', 'keras', 'seksual', 'kampus']"
0,"['permendikbud', 'ppks', 'rilis', 'nseks', 'bebas', 'gila', 'nlaporan', 'keras', 'seksual', 'npredator']"
0,"['permendikbud', 'ppks', 'cabut', 'tolak', 'ruu', 'tpks']"
0,"['permendikbud', 'ppks', 'lecut', 'dpr', 'sahkan', 'ruu', 'tpks']"
0,"['permendikbud', 'ppks', 'sinyalir', 'legal', 'zina', 'konsep', 'consent', 'kandung', 'pema']"
0,"['permendikbud', 'ppks']"
0,"['permendikbud', 'ppks', 'tuai', 'kecam', 'anggap', 'legal', 'zina', 'nadiem', 'ter']"
0,"['permendikbud', 'ppks', 'solusi']"
0,"['permendikbud', 'ristek', 'ppks', 'liberalisasi', 'seksual', 'sasar', 'institusi', 'pt', 'noleh', 'zulia', 'adi']"
0,"['permendikbud', 'ristek', 'ppks', 'liberalisasi', 'seksual', 'sasar', 'kampus', 'noleh', 'yafi', 'nurul', 'salsabila', 'alumni', 'iprija', 'ak']"
0,"['permendikbud', 'ristek', 'ppks', 'langkah', 'cipta', 'aman', 'lingkung', 'kampus', 'ny']"
0,"['permendikbud', 'ristek', 'ppks', 'solusi', 'parsial', 'liberalisasi', 'institusi', 'guru', 'noleh', 'ageng', 'kartika']"
0,"['permendikbudristek', 'potret', 'buram', 'didik', 'era', 'sekuler']"
0,"['permendikbudristek', 'potret', 'buram', 'didik', 'era', 'sekuler', 'analisis']"
0,"['permendikbudristek', 'legal', 'seks', 'bebas', 'ndengan', 'alas', 'cegah', 'keras']"
1,"['permendikbudristek', 'ppks', 'gelinding', 'kampus', 'kampus', 'satgas', 'cegah', 'pen']"
0,"['permendikbudristek', 'ppks', 'seleweng', 'konstitusi', 'gt', 'ncovid', 'november']"
0,"['tuju', 'suka', 'suka', 'agama', 'zina', 'tpkan', 'urus']"
1,"['polemik', 'permendikbud', 'ppks', 'nadiem', 'lingkup', 'keras', 'seksual', 'tindak', 'asusila', 'kampus', 'nklik']"
1,"['ppks', 'dukung', 'seminar', 'workshop', 'mandiri', 'tani', 'sawit', 'nkunjungi', 'booth', 'ppks', 'pro']"
1,"['ppks', 'rampung', 'said', 'nadiem', 'ketumpbnu', 'saidaqil']"
1,"['produk', 'hukum', 'terbit', 'permen', 'ppks', 'kemendikbud', 'tim', 'satgas']"
0,"['ratus', 'mahasiswa', 'medan', 'tolak', 'permendikbud', 'ppks', 'syariat', 'islam', 'solusi']"
0,"['ratus', 'mahasiswa', 'gelar', 'aksi', 'demo', 'kemendikbud', 'tuntut', 'cabut', 'permendikbud', 'penc']"
0,"['redam', 'polemik', 'permendikbud', 'ppks', 'nadiem', 'pbnu']"
1,"['rektor', 'universitas', 'halu', 'oleo', 'uho', 'kendari', 'muhammad', 'zamrun', 'firihu', 'dukung', 'atur', 'menteri', 'didik', 'budaya']"
1,"['rektor', 'unsika', 'panitia', 'seleksi', 'lindung', 'cegah', 'keras', 'seksual', 'pansel', 'ppks', 'wak']"
1,"['rektorat', 'dosen', 'staf', 'kampus', 'peran', 'rumus', 'bijak', 'perspektif', 'korban']"
0,"['ruu', 'tpks', 'permen', 'ppks', 'sarat', 'liberalisasi', 'sosial', 'kampus', 'cocok', 'gagalkanruutpks']"
0,"['said', 'aqil', 'nadiem', 'sempurna', 'permendikbud', 'ppks']"
0,"['sambang', 'pbnu', 'nadiem', 'permendikbud', 'ppks']"
1,"['sampurasun', 'sobatnet', 'istimewa', 'nkemendikbud', 'ristek', 'resmi', 'kesah', 'permendikbud', 'pencegaha']"
1,"['sasar', 'permendikdubristek', 'ppks', 'cegah', 'tangan', 'sebelas', 'keras', 'sek']"
1,"['dukung', 'coba', 'artikel', 'bahan', 'ghibah']"
1,"['kelompok', 'pro', 'permendikbudristek', 'ppks', 'capai', 'total', 'netizen', 'bahas', 'isu']"
1,"['permendikbud', 'ppks', 'kampus', 'delik', 'adu', 'spesifik']"
0,"['mahasiswa', 'medan', 'unjuk', 'permendikbudristek', 'ppks', 'cabut', 'tegak', 'khilafah', 'komisi']"
0,"['mahasiswa', 'gelar', 'demonstrasi', 'medan', 'permendikbudr', 'ppks', 'lingkung', 'guru']"
0,"['jahat', 'kelamin', 'tolak', 'permendikbudristek', 'ppks', 'dukung', 'khilafah', 'ngema', 'bebas', 'sayap', 'hi']"
1,"['selesai', 'kontroversi', 'ppks', 'permendikbud', 'kiaisaid', 'buyasaid', 'saidaqil', 'ketumpbnu', 'muktamarnu', 'muktamarnu']"
1,"['media', 'sosial', 'unggah', 'netizen', 'permendikbudristek', 'ppks', 'netize']"
0,"['sesat', 'pikir', 'permendikbud', 'ristek', 'ppks', 'logika', 'tau', 'laku', 'keras', 'seksual']"
0,"['sesat', 'pikir', 'permendikbud', 'ristek', 'ppks', 'logika', 'tau', 'laku', 'keras', 'seksual', 'pacar']"
1,"['tuai', 'pro', 'kontra', 'permendikbud', 'ppks', 'resmi', 'laku', 'gengs', 'nmakin', 'bany']"
1,"['sikap', 'desak', 'rektor', 'ugm', 'implementasi', 'permendikbud', 'ristek', 'ppks', 'lingkung', 'kampus']"
1,"['permendikbud', 'nu', 'muhammadiyah', 'beda', 'muhammadiyah']"
1,"['permendikbud', 'ppks', 'nandi', 'akmal', 'harap', 'nadiem', 'dengerin', 'aspirasi', 'masyarakat', 'nadiemmakarim', 'ppks', 'permendikbud']"
1,"['ppks', 'kopri', 'spkup', 'tara', 'wujud']"
1,"['sosialisai', 'atur', 'kemenristedikbud', 'cegah', 'tangan', 'keras', 'seksual', 'lingk']"
1,"['suka', 'nadiem', 'makarim', 'bicara', 'permendikbud', 'ppks', 'lupa', 'laki', 'laki']"
0,"['sungguh', 'sayang', 'suara', 'mahasiswa', 'belah', 'sikap', 'hadir', 'permen', 'ppks', 'beda', 'suara', 'mahasi']"
0,"['sungguh', 'sayang', 'suara', 'mahasiswa', 'belah', 'sikap', 'hadir', 'permen', 'ppks', 'beda', 'suara', 'mahasis']"
1,['dukung']
0,"['talib', 'medan', 'nmahasiswa', 'demo', 'kantor', 'dprd', 'sumut', 'medan', 'dukung', 'khilafah', 'tuding', 'permendikbud', 'ppks', 'thogut']"
1,"['uu', 'tsb', 'halal', 'having', 'sex', 'having', 'sex', 'bahas']"
0,"['temu', 'pbnu', 'nadiem', 'makarim', 'klarifikasi', 'kait', 'permendikbud', 'ppks']"
0,"['tolak', 'permen', 'ppks']"
0,"['tuding', 'permendikbud', 'ppks', 'thogut', 'mahasiswa', 'medan', 'demo', 'dukung', 'khilafah']"
1,"['tweeps', 'permendibud', 'ristek', 'ppks', 'terbit', 'payung', 'hukum', 'cegah', 'keras', 'seksual', 'lingkung', 'kampu']"
1,"['universitas', 'indonesia', 'dukung', 'implementasi', 'permendikbudristek', 'ppks']"
1,"['lindung', 'korban', 'keras', 'seksual', 'kampus']"
0,"['tolak', 'mentah', 'tuju', 'atur', 'kait', 'keras', 'seksual', 'permendikbud', 'ppks', 'ru']"
1,"['uts', 'satgas', 'ppks']"
0,"['uu', 'ppks', 'kek', 'gin', 'lalang', 'timeline']"
0,"['wahh', 'debat', 'rame', 'permendikbud', 'ppks', 'bilang', 'logical', 'fallacy', 'gak', 'terima', 'wkwkwk']"
1,"['permendikbud', 'nomor', 'cegah', 'tangan', 'keras', 'seksual']"
1,"['walopun', 'gagal', 'jd', 'asn', 'pimpin', 'nadiem', 'bangga', 'permendikbud', 'ppks', 'moga', 'bany']"
0,"['waspada', 'permendikbud', 'ppks', 'liberalisasi', 'seksual', 'sasar', 'institusi', 'pt']"
0,"['waspada', 'permendikbud', 'ppks', 'liberalisasi', 'seksual', 'sasar', 'institusi', 'pt', 'makarim']"
0,"['wkwk', 'ngaco', 'ruu', 'pks', 'gak', 'sah', 'sahin', 'permendikbu', 'ppks', 'goreng', 'bapack', 'bapack']"
0,"['mahasiswa', 'gelar', 'demonstrasi', 'medan', 'permendikbudr', 'ppks']"
0,"['tuju', 'pandang', 'jg', 'heran', 'pikir', 'legal', 'zina', 'ka']"
0,"['kontra', 'permendiknud', 'ppks', 'tau', 'laku', 'ancam']"
1,"['yth', 'menkopolhukam', 'mendikbudristek', 'canda']"
1,"['yuk', 'pelajarin', 'permendikbudristek', 'ppks']"
